raceId,constructorId,mean_pit_stop
841,1,21.855
841,3,26.175
841,4,24.578
841,5,25.23
841,6,24.1
841,9,23.763
841,10,24.761
841,15,23.898
841,131,24.242
841,166,25.166
841,205,24.871
842,1,22.909
842,3,28.74
842,4,24.046
842,5,25.407
842,6,24.671
842,9,22.288
842,10,24.243
842,15,23.44
842,131,22.856
842,164,31.064
842,166,24.928
842,205,25.979
843,1,21.292
843,3,23.206
843,4,22.006
843,5,22.77
843,6,21.642
843,9,21.839
843,10,22.792
843,15,21.901
843,131,21.23
843,164,22.044
843,166,24.824
843,205,22.416
844,1,23.58
844,3,21.351
844,4,21.652
844,5,22.055
844,6,22.453
844,9,20.751
844,10,21.105
844,15,23.425
844,131,22.103
844,164,32.395
844,166,23.808
844,205,22.625
845,1,20.335
845,3,22.951
845,4,21.983
845,5,21.737
845,6,20.968
845,9,20.26
845,10,20.84
845,15,22.177
845,131,20.266
845,164,24.186
845,166,22.235
845,205,21.997
846,1,25.69
846,3,25.938
846,4,26.996
846,5,26.144
846,6,27.783
846,9,30.847
846,10,28.894
846,15,28.642
846,131,27.675
846,164,32.18
846,166,26.956
846,205,26.004
847,1,23.511
847,3,24.847
847,4,23.61
847,5,24.768
847,6,24.986
847,9,24.012
847,10,22.846
847,15,25.658
847,131,23.237
847,164,30.806
847,166,24.864
847,205,36.048
848,1,20.565
848,3,21.384
848,4,21.708
848,5,21.054
848,6,21.47
848,9,20.488
848,10,20.742
848,15,21.992
848,131,23.088
848,164,24.704
848,166,22.031
848,205,22.491
849,1,24.192
849,3,24.839
849,4,24.55
849,5,24.928
849,6,24.223
849,9,25.46
849,10,30.071
849,15,27.751
849,131,27.153
849,164,26.24
849,166,26.136
850,1,20.708
850,3,21.329
850,4,21.01
850,5,22.752
850,6,20.479
850,9,20.474
850,10,21.982
850,15,22.76
850,131,20.394
850,164,22.807
850,166,21.964
850,205,23.986
851,1,20.233
851,3,22.642
851,4,23.249
851,5,21.967
851,6,21.65
851,9,20.541
851,10,21.398
851,15,20.677
851,131,21.089
851,164,23.437
851,166,26.048
851,205,22.184
852,1,22.834
852,3,26.955
852,4,21.779
852,6,21.569
852,9,21.011
852,10,21.61
852,15,21.899
852,131,21.192
852,164,25.502
852,166,23.331
852,205,23.299
853,1,21.928
853,3,24.562
853,4,22.651
853,5,23.147
853,6,22.124
853,9,21.751
853,10,22.47
853,15,25.245
853,131,22.362
853,164,517.747
853,166,23.966
853,205,24.93
854,1,29.865
854,3,30.51
854,4,32.284
854,5,30.674
854,6,30.726
854,9,30.618
854,10,31.151
854,15,30.301
854,131,29.662
854,164,36.153
854,166,31.678
854,205,31.76
855,1,21.335
855,3,21.697
855,4,22.632
855,5,22.075
855,6,21.137
855,9,21.72
855,10,21.695
855,15,23.17
855,131,21.028
855,164,24.233
855,166,23.284
855,205,21.915
856,1,20.738
856,3,20.331
856,4,21.511
856,5,22.179
856,6,21.585
856,9,20.446
856,10,22.468
856,15,22.209
856,131,20.367
856,164,23.465
856,166,23.583
856,205,22.478
857,1,22.965
857,3,27.994
857,4,23.381
857,5,22.84
857,6,21.603
857,9,21.374
857,10,22.012
857,15,23.732
857,131,21.626
857,164,28.746
857,166,24.179
857,205,26.401
858,1,20.0
858,3,19.463
858,4,18.975
858,5,32.468
858,6,20.508
858,9,21.569
858,10,20.395
858,15,21.894
858,131,19.998
858,164,22.044
858,166,21.176
858,205,20.853
859,1,21.134
859,3,21.832
859,4,21.057
859,5,22.376
859,6,20.988
859,9,21.033
859,10,21.129
859,15,22.476
859,131,21.813
859,164,23.01
859,166,22.618
859,205,22.103
860,1,23.109
860,3,25.171
860,5,25.339
860,6,22.178
860,9,23.651
860,10,24.756
860,15,24.463
860,131,23.11
860,206,28.549
860,207,25.611
860,208,24.096
861,1,26.538
861,3,25.077
861,5,23.971
861,6,24.081
861,9,24.671
861,10,23.297
861,15,25.462
861,131,24.024
861,164,29.526
861,206,29.038
861,207,28.586
861,208,25.857
862,1,21.571
862,3,21.326
862,5,22.638
862,6,20.151
862,9,20.783
862,10,23.707
862,15,21.986
862,131,21.168
862,164,23.803
862,206,20.542
862,207,25.385
862,208,22.486
863,1,24.929
863,3,22.742
863,5,23.163
863,6,22.701
863,9,22.187
863,10,22.394
863,15,23.797
863,131,22.216
863,164,24.859
863,206,25.006
863,207,23.597
863,208,22.713
864,1,20.645
864,3,21.222
864,5,20.794
864,6,19.332
864,9,20.566
864,10,20.521
864,15,22.567
864,131,20.218
864,164,21.909
864,206,20.985
864,207,22.479
864,208,20.604
865,1,25.484
865,3,26.41
865,5,25.852
865,6,25.106
865,9,25.322
865,10,26.044
865,15,24.578
865,131,24.996
865,164,27.14
865,206,29.752
865,207,32.25
865,208,26.38
866,1,21.772
866,3,22.742
866,5,20.666
866,6,21.125
866,9,21.63
866,10,22.867
866,15,21.43
866,131,21.683
866,206,24.406
866,207,21.682
866,208,21.682
867,1,22.58
867,3,21.492
867,5,21.703
867,6,23.441
867,9,20.212
867,10,20.608
867,15,22.682
867,131,20.314
867,164,22.066
867,206,27.237
867,207,23.274
867,208,21.661
868,1,24.85
868,3,27.813
868,5,25.982
868,6,25.201
868,9,25.545
868,10,28.098
868,15,30.415
868,131,27.552
868,164,28.522
868,206,25.971
868,207,26.315
868,208,27.76
869,1,18.437
869,3,23.67
869,5,18.728
869,6,19.476
869,9,17.728
869,10,18.192
869,15,18.606
869,131,18.27
869,164,19.858
869,206,19.391
869,207,20.412
869,208,22.327
870,1,19.668
870,3,18.816
870,5,19.947
870,6,19.733
870,9,19.308
870,10,20.539
870,15,20.209
870,131,19.204
870,164,21.875
870,206,21.003
870,207,20.896
870,208,20.56
871,1,19.668
871,3,21.854
871,5,20.771
871,6,20.678
871,9,20.701
871,10,21.341
871,15,23.674
871,131,21.024
871,164,24.535
871,206,21.578
871,207,30.322
871,208,20.336
872,1,22.056
872,3,22.59
872,5,21.72
872,6,21.838
872,9,19.622
872,10,22.468
872,15,22.673
872,131,22.189
872,164,27.617
872,206,24.353
872,207,22.41
872,208,21.846
873,1,29.602
873,3,30.597
873,5,30.294
873,6,29.913
873,9,29.648
873,10,31.326
873,15,31.588
873,131,30.112
873,164,35.551
873,206,31.118
873,207,32.688
873,208,30.718
874,1,20.568
874,3,21.207
874,5,21.855
874,6,20.857
874,9,23.502
874,10,21.276
874,15,20.939
874,131,20.511
874,164,24.0
874,206,26.508
874,207,20.496
874,208,25.078
875,1,19.954
875,3,21.945
875,5,20.752
875,6,20.37
875,9,19.764
875,10,21.032
875,15,23.041
875,131,20.182
875,164,22.749
875,206,21.537
875,207,21.811
875,208,20.96
876,1,21.181
876,3,24.034
876,5,23.131
876,6,20.95
876,9,20.758
876,10,22.801
876,15,22.857
876,131,22.616
876,164,24.187
876,206,24.998
876,207,22.706
876,208,21.19
877,1,19.455
877,3,21.655
877,5,20.389
877,6,19.476
877,9,21.315
877,10,22.255
877,15,24.826
877,131,23.416
877,164,22.272
877,206,20.912
877,207,21.9
877,208,22.451
878,1,21.13
878,3,22.242
878,5,22.651
878,6,22.98
878,9,20.904
878,10,22.347
878,15,23.079
878,131,21.635
878,164,24.648
878,206,22.736
878,207,22.738
878,208,23.015
879,1,22.256
879,5,22.451
879,6,22.34
879,9,22.652
879,10,21.636
879,15,28.114
879,131,24.174
879,164,25.9
879,206,23.33
879,207,25.31
879,208,25.527
880,1,22.463
880,3,23.476
880,5,23.707
880,6,21.646
880,9,22.263
880,10,22.876
880,15,22.316
880,131,22.056
880,206,26.629
880,207,23.752
880,208,22.359
881,1,33.356
881,3,25.99
881,5,26.561
881,6,21.642
881,9,21.014
881,10,73.518
881,15,22.804
881,131,21.955
881,206,24.009
881,207,26.31
881,208,22.798
882,1,19.996
882,3,21.436
882,5,21.256
882,6,20.247
882,9,21.568
882,10,20.25
882,15,21.041
882,131,20.914
882,206,22.977
882,207,21.243
882,208,20.409
883,1,21.695
883,3,23.739
883,5,27.166
883,6,22.44
883,9,21.484
883,10,23.105
883,15,23.093
883,131,21.591
883,206,23.73
883,207,23.506
883,208,22.441
884,1,19.569
884,3,19.843
884,5,21.849
884,6,19.255
884,9,19.06
884,10,27.07
884,15,21.654
884,131,20.015
884,206,22.657
884,207,21.304
884,208,19.968
885,1,24.629
885,3,31.905
885,5,25.026
885,6,24.91
885,9,24.346
885,10,25.458
885,15,25.421
885,131,25.0
885,206,24.28
885,207,28.879
885,208,28.522
886,1,20.481
886,3,21.46
886,5,21.294
886,6,20.498
886,9,21.29
886,10,19.836
886,15,21.544
886,131,20.99
886,206,21.376
886,207,23.691
886,208,22.538
887,1,24.682
887,3,28.15
887,5,27.852
887,6,26.22
887,9,25.791
887,10,26.694
887,15,27.028
887,131,25.796
887,206,25.847
887,207,26.256
887,208,24.961
888,1,20.342
888,3,34.004
888,5,20.785
888,6,19.738
888,9,43.348
888,10,20.789
888,15,20.499
888,131,19.951
888,206,20.648
888,207,21.749
888,208,19.861
890,1,22.412
890,3,22.683
890,5,22.962
890,6,21.996
890,9,21.834
890,10,22.835
890,15,20.962
890,131,21.988
890,206,22.548
890,207,22.666
890,208,21.172
891,1,21.439
891,3,28.026
891,5,23.656
891,6,22.645
891,9,23.012
891,10,23.499
891,15,22.092
891,131,23.174
891,206,22.68
891,207,24.483
891,208,23.594
892,1,25.191
892,3,25.031
892,5,24.319
892,6,24.45
892,9,24.255
892,10,26.873
892,15,25.15
892,131,24.285
892,206,25.844
892,207,27.858
892,208,27.593
893,1,29.368
893,3,31.167
893,5,30.636
893,6,29.272
893,9,28.915
893,10,30.104
893,15,30.308
893,131,29.486
893,206,30.345
893,207,32.233
893,208,39.097
894,1,28.672
894,3,23.816
894,5,23.885
894,6,22.472
894,9,22.878
894,10,31.846
894,15,23.568
894,131,27.591
894,206,24.243
894,207,22.947
894,208,22.862
895,1,25.424
895,3,23.658
895,5,23.561
895,6,21.825
895,9,23.055
895,10,23.655
895,15,23.571
895,131,22.247
895,206,24.01
895,207,22.232
895,208,23.243
896,1,24.099
896,3,26.342
896,5,24.61
896,6,24.874
896,9,23.628
896,10,23.859
896,15,24.414
896,131,23.675
896,206,27.13
896,207,28.026
896,208,24.926
897,1,22.891
897,3,24.084
897,5,22.67
897,6,21.696
897,9,21.665
897,10,22.159
897,15,21.226
897,131,21.567
897,206,23.483
897,207,22.906
897,208,21.956
898,1,24.198
898,3,28.904
898,5,24.304
898,6,23.956
898,9,23.812
898,10,24.679
898,15,24.639
898,131,23.855
898,206,23.078
898,207,23.843
898,208,28.511
899,1,22.88
899,3,24.549
899,5,23.43
899,6,21.57
899,9,26.785
899,10,23.342
899,15,23.53
899,131,22.109
899,206,23.958
899,207,23.069
899,208,22.832
900,1,22.558
900,3,29.019
900,5,25.134
900,6,23.058
900,9,22.71
900,10,23.222
900,15,26.92
900,131,24.002
900,206,23.545
900,207,23.238
900,208,20.789
901,1,27.764
901,3,24.704
901,5,30.02
901,6,24.732
901,9,37.792
901,10,25.112
901,15,26.809
901,131,24.841
901,206,33.878
901,207,27.243
901,208,25.459
902,1,24.893
902,3,25.181
902,5,27.308
902,6,24.953
902,9,25.168
902,10,24.658
902,15,29.304
902,131,24.898
902,206,25.599
902,207,26.234
902,208,27.839
903,1,22.801
903,3,37.632
903,5,23.921
903,6,23.002
903,9,22.625
903,10,23.188
903,15,22.991
903,131,23.333
903,206,24.13
903,207,24.397
903,208,23.415
904,1,22.47
904,3,22.62
904,5,22.876
904,6,22.086
904,9,21.796
904,10,22.432
904,15,24.452
904,131,22.776
904,206,23.33
904,207,24.184
904,208,23.52
905,1,27.468
905,3,24.929
905,5,22.414
905,6,27.34
905,9,46.324
905,10,25.714
905,15,29.556
905,131,26.09
905,206,32.305
905,207,26.053
905,208,25.67
906,1,23.982
906,3,24.975
906,5,24.835
906,6,23.967
906,9,23.531
906,10,23.904
906,15,24.262
906,131,24.239
906,208,23.9
907,1,21.575
907,3,21.833
907,5,22.171
907,6,21.51
907,9,23.522
907,10,22.474
907,15,30.446
907,131,21.98
907,206,23.714
907,207,23.612
907,208,23.013
908,1,28.695
908,3,29.104
908,5,29.164
908,6,34.41
908,9,28.609
908,10,29.589
908,15,29.956
908,131,29.1
908,206,27.748
908,207,29.524
908,208,29.27
909,1,20.86
909,3,20.16
909,5,21.596
909,6,19.476
909,9,19.137
909,10,20.131
909,15,20.696
909,131,19.962
909,206,21.208
909,207,21.396
909,208,19.051
910,1,23.423
910,3,22.974
910,5,23.139
910,6,22.314
910,9,22.399
910,10,24.788
910,15,26.169
910,131,23.171
910,206,24.096
910,207,34.086
910,208,25.195
911,1,22.729
911,3,23.439
911,5,23.823
911,6,24.393
911,9,22.862
911,10,23.686
911,15,23.485
911,131,24.955
911,206,24.472
911,207,24.148
911,208,25.554
912,1,24.441
912,3,24.657
912,5,24.848
912,6,24.73
912,9,24.782
912,10,25.242
912,15,26.446
912,131,24.518
912,206,26.641
912,207,26.981
912,208,24.66
913,1,28.7
913,3,29.451
913,5,31.099
913,6,29.296
913,9,29.438
913,10,30.553
913,15,30.996
913,131,29.915
913,206,31.442
913,207,30.254
913,208,29.448
914,1,272.845
914,3,395.402
914,5,342.319
914,6,396.488
914,9,394.583
914,10,302.568
914,15,342.289
914,131,394.99
914,206,395.138
914,207,270.536
914,208,270.183
915,1,29.865
915,3,30.184
915,5,30.726
915,6,32.604
915,9,30.181
915,10,29.986
915,15,30.518
915,131,32.162
915,206,31.374
915,207,30.89
915,208,30.108
916,1,25.432
916,3,24.594
916,5,26.087
916,6,24.193
916,9,24.046
916,10,33.427
916,15,26.977
916,131,24.39
916,208,25.673
917,1,23.4
917,3,27.544
917,5,24.384
917,6,24.17
917,9,23.152
917,10,24.47
917,15,24.994
917,131,23.461
917,208,23.586
918,1,22.095
918,3,21.942
918,5,23.049
918,6,21.86
918,9,22.008
918,10,23.361
918,15,22.679
918,131,22.399
918,207,23.634
918,208,20.348
926,1,23.353
926,3,22.062
926,5,39.66
926,6,24.188
926,9,22.535
926,10,23.253
926,15,22.805
926,131,22.2
927,1,27.419
927,3,26.196
927,5,26.046
927,6,25.154
927,9,26.517
927,10,29.454
927,15,27.548
927,131,26.244
927,208,28.995
927,209,27.915
928,1,23.448
928,3,23.282
928,5,23.683
928,6,22.551
928,9,22.766
928,10,23.104
928,15,23.894
928,131,22.548
928,208,22.061
928,209,24.553
929,1,25.124
929,3,24.957
929,5,31.451
929,6,26.44
929,9,25.195
929,10,25.434
929,15,29.803
929,131,25.262
929,208,42.425
929,209,26.497
930,1,23.428
930,3,22.181
930,5,23.01
930,6,22.002
930,9,23.066
930,10,22.526
930,15,23.502
930,131,22.72
930,208,27.315
930,209,23.738
931,1,26.689
931,3,28.27
931,5,34.621
931,6,24.514
931,9,24.621
931,10,27.346
931,15,25.68
931,131,24.822
931,208,25.077
931,209,28.08
932,1,22.328
932,3,24.726
932,5,30.191
932,6,24.848
932,9,23.839
932,10,23.48
932,15,24.472
932,131,23.514
932,208,23.976
932,209,28.896
933,1,26.416
933,3,22.612
933,5,24.811
933,6,31.882
933,9,26.151
933,10,24.187
933,15,22.924
933,131,21.818
933,208,21.932
933,209,23.926
934,1,44.158
934,3,30.509
934,5,29.393
934,6,29.634
934,9,33.508
934,10,30.827
934,15,30.122
934,131,29.046
934,209,39.546
936,1,19.757
936,3,21.385
936,5,20.376
936,6,23.977
936,9,21.151
936,10,22.998
936,15,20.821
936,131,20.951
936,208,20.664
936,209,21.291
937,1,24.044
937,3,22.218
937,5,23.525
937,6,22.801
937,9,22.665
937,10,23.24
937,15,23.648
937,131,22.78
937,208,23.605
937,209,23.8
938,1,22.671
938,3,25.372
938,5,24.834
938,6,24.391
938,9,24.072
938,10,24.284
938,15,25.295
938,131,24.512
938,209,27.908
939,1,41.87
939,3,28.84
939,5,31.33
939,6,29.791
939,9,30.702
939,10,30.092
939,15,29.688
939,131,29.789
939,208,29.889
939,209,32.865
940,1,23.638
940,3,26.54
940,5,28.704
940,6,23.126
940,9,23.838
940,10,26.102
940,15,23.934
940,131,23.058
940,208,24.109
940,209,27.103
941,1,29.629
941,3,30.528
941,5,32.621
941,6,29.376
941,9,30.075
941,10,30.545
941,15,30.362
941,131,30.216
941,208,42.198
941,209,32.631
942,1,26.477
942,3,30.506
942,5,29.422
942,6,26.807
942,9,25.318
942,10,26.473
942,15,29.138
942,131,24.581
942,208,26.74
942,209,30.027
943,1,23.187
943,3,23.013
943,5,23.109
943,6,25.113
943,9,22.497
943,10,23.653
943,15,23.328
943,131,22.332
943,208,24.105
943,209,26.28
944,1,23.486
944,3,23.973
944,5,24.132
944,6,23.947
944,9,24.095
944,10,23.881
944,15,25.794
944,131,23.636
944,208,25.283
944,209,26.21
945,1,25.296
945,3,25.652
945,5,22.898
945,6,22.8
945,9,21.892
945,10,22.064
945,15,23.667
945,131,21.489
945,208,22.218
945,209,23.36
948,1,287.679
948,3,555.43
948,4,421.562
948,5,379.253
948,6,449.414
948,9,378.016
948,10,555.838
948,15,446.241
948,131,555.715
948,209,288.866
948,210,1089.417
949,1,24.867
949,3,23.75
949,4,25.2
949,5,27.982
949,6,25.066
949,9,24.893
949,10,26.872
949,15,25.507
949,131,25.331
949,209,26.204
949,210,28.686
950,1,23.082
950,3,22.706
950,4,23.212
950,5,24.96
950,6,25.334
950,9,23.109
950,10,24.566
950,15,26.693
950,131,24.074
950,209,24.589
950,210,28.531
951,1,30.166
951,3,29.819
951,4,30.695
951,5,30.679
951,6,30.498
951,9,39.789
951,10,31.6
951,15,30.407
951,131,29.855
951,209,44.292
951,210,32.209
952,1,22.413
952,3,22.016
952,4,22.762
952,5,22.818
952,6,22.028
952,9,22.229
952,10,22.258
952,15,22.985
952,209,25.97
952,210,25.3
953,1,25.891
953,3,25.526
953,4,30.378
953,5,39.215
953,6,25.338
953,9,27.861
953,10,25.9
953,15,31.344
953,131,26.898
953,209,27.326
953,210,28.013
954,1,27.952
954,3,22.554
954,4,23.162
954,5,23.397
954,6,22.76
954,9,23.346
954,10,23.325
954,15,23.463
954,131,22.479
954,209,26.025
954,210,25.238
955,1,20.44
955,3,19.678
955,4,20.766
955,5,22.62
955,6,20.508
955,9,20.64
955,10,20.48
955,15,20.756
955,131,20.083
955,209,29.796
955,210,23.87
956,1,20.241
956,3,20.012
956,4,20.774
956,5,24.901
956,6,20.526
956,9,19.827
956,10,20.564
956,15,20.592
956,131,19.979
956,209,20.67
956,210,19.976
957,1,29.958
957,3,29.416
957,4,35.904
957,5,30.331
957,6,30.146
957,9,30.359
957,10,29.751
957,15,50.374
957,131,29.545
957,209,30.648
957,210,33.476
958,1,21.086
958,3,21.817
958,4,21.9
958,5,23.858
958,6,21.746
958,9,22.081
958,10,24.498
958,15,23.224
958,131,21.7
958,209,23.502
958,210,22.52
959,1,19.274
959,3,23.241
959,4,20.781
959,5,20.796
959,6,19.794
959,9,18.967
959,10,19.416
959,15,21.806
959,131,20.437
959,209,22.086
959,210,19.897
960,1,510.343
960,3,348.083
960,4,267.211
960,5,349.063
960,6,302.862
960,9,349.445
960,10,348.794
960,15,352.609
960,131,413.2
960,209,351.302
960,210,348.641
961,1,25.093
961,3,23.956
961,4,27.179
961,5,24.797
961,6,24.725
961,9,23.954
961,10,24.292
961,15,224.995
961,131,24.592
961,209,25.751
961,210,25.335
962,1,30.878
962,3,33.476
962,4,27.865
962,5,28.372
962,6,27.809
962,9,28.094
962,10,30.782
962,15,28.554
962,131,28.029
962,209,41.003
962,210,28.995
963,1,24.512
963,3,23.89
963,4,27.304
963,5,26.068
963,6,24.602
963,9,24.934
963,10,25.357
963,15,24.892
963,131,23.894
963,209,27.177
963,210,26.867
964,1,23.384
964,3,23.735
964,4,23.262
964,5,22.964
964,6,23.03
964,9,23.625
964,10,23.028
964,15,24.571
964,131,22.886
964,209,24.83
964,210,24.268
965,1,24.558
965,3,24.756
965,4,24.23
965,5,28.965
965,6,24.27
965,9,26.773
965,10,23.908
965,15,24.736
965,131,23.713
965,209,25.731
965,210,25.016
966,1,23.357
966,3,22.13
966,4,22.851
966,5,22.759
966,6,22.469
966,9,22.102
966,10,22.174
966,15,28.074
966,131,21.853
966,209,23.866
966,210,23.736
967,1,885.804
967,3,887.13
967,4,598.684
967,5,1173.108
967,6,1174.847
967,9,713.583
967,10,1401.756
967,15,1172.272
967,131,1745.945
967,209,1402.619
967,210,884.643
968,1,22.338
968,3,21.657
968,4,24.146
968,5,21.864
968,6,21.907
968,9,21.691
968,10,21.659
968,15,25.399
968,131,22.232
968,209,25.851
968,210,22.375
969,1,31.023
969,3,22.08
969,4,23.144
969,5,23.782
969,6,22.01
969,9,22.208
969,10,22.1
969,15,28.591
969,131,21.574
969,210,26.762
970,1,19.152
970,3,20.186
970,4,21.292
970,5,18.859
970,6,19.968
970,9,20.198
970,10,21.076
970,15,21.881
970,131,21.536
970,210,21.176
971,1,24.822
971,3,24.953
971,4,26.414
971,5,25.15
971,6,25.326
971,9,25.229
971,10,24.533
971,15,26.059
971,131,28.569
971,210,25.02
972,1,33.002
972,3,29.878
972,4,30.28
972,5,29.982
972,6,30.124
972,9,29.567
972,10,30.06
972,15,31.239
972,131,29.548
972,210,36.559
973,1,22.878
973,3,26.028
973,4,23.105
973,5,22.18
973,6,22.403
973,9,21.864
973,10,23.362
973,15,23.072
973,131,21.652
973,210,23.415
974,1,25.097
974,3,25.354
974,4,25.472
974,5,24.416
974,6,24.569
974,9,25.068
974,10,27.543
974,15,25.381
974,131,24.232
974,210,25.226
975,1,23.396
975,3,22.79
975,4,25.594
975,5,62.231
975,6,25.55
975,9,23.309
975,10,23.319
975,15,33.335
975,131,23.004
975,210,30.062
976,1,388.666
976,3,449.64
976,4,450.181
976,5,449.9
976,6,376.554
976,9,343.009
976,10,378.315
976,15,348.908
976,131,344.825
976,210,342.912
977,1,18.96
977,3,21.154
977,4,22.105
977,5,23.42
977,6,21.706
977,9,21.713
977,10,22.103
977,15,22.376
977,131,21.574
977,210,22.026
978,1,28.803
978,3,28.589
978,4,30.841
978,5,32.354
978,6,30.275
978,9,28.371
978,10,29.068
978,15,29.969
978,131,27.796
978,210,28.486
979,1,25.508
979,3,22.102
979,4,27.272
979,5,22.509
979,6,22.118
979,9,33.605
979,10,23.229
979,15,24.122
979,131,22.01
979,210,22.661
980,1,25.746
980,3,23.391
980,4,24.48
980,5,23.562
980,6,24.792
980,9,23.04
980,10,25.778
980,15,23.671
980,131,22.569
980,210,23.031
981,1,24.442
981,3,25.604
981,4,27.713
981,5,25.346
981,6,24.837
981,9,29.337
981,10,24.904
981,15,25.261
981,131,23.726
981,210,27.375
982,1,30.126
982,3,30.608
982,4,32.03
982,5,28.669
982,9,27.655
982,10,28.478
982,15,35.731
982,131,27.243
982,210,30.118
983,1,25.189
983,3,23.95
983,4,25.381
983,5,25.044
983,6,23.695
983,9,23.926
983,10,24.385
983,15,24.89
983,131,23.582
983,210,24.366
984,1,23.822
984,3,23.056
984,4,24.408
984,5,23.879
984,6,23.699
984,9,23.208
984,10,23.856
984,15,24.765
984,131,22.8
984,210,22.923
985,1,23.687
985,3,24.406
985,4,24.525
985,5,24.504
985,6,23.832
985,9,23.784
985,10,24.414
985,15,28.588
985,131,23.372
985,210,25.092
986,1,25.35
986,3,21.94
986,4,22.825
986,5,22.709
986,6,25.652
986,9,22.57
986,10,22.699
986,15,23.047
986,131,24.785
986,210,24.768
987,1,19.329
987,3,20.175
987,4,19.911
987,5,20.148
987,6,19.552
987,9,20.674
987,10,19.368
987,15,20.74
987,131,19.732
987,210,24.4
988,1,22.333
988,3,21.628
988,4,25.84
988,5,21.558
988,6,21.415
988,9,22.373
988,10,21.867
988,15,22.568
988,131,21.376
988,210,21.862
989,1,22.524
989,3,23.45
989,4,23.248
989,5,22.254
989,6,21.604
989,9,21.196
989,10,22.09
989,15,22.539
989,131,21.742
989,210,22.518
990,1,24.946
990,3,27.154
990,4,24.978
990,5,27.848
990,6,24.771
990,9,30.381
990,10,24.746
990,15,25.299
990,131,25.204
990,210,25.307
991,1,23.92
991,3,23.033
991,4,23.501
991,5,26.46
991,6,22.961
991,9,22.761
991,10,22.777
991,15,23.088
991,131,22.28
991,210,23.23
992,1,26.968
992,3,20.486
992,4,21.242
992,5,21.065
992,6,23.005
992,9,19.845
992,10,27.142
992,15,26.7
992,131,20.633
992,210,25.467
993,1,24.568
993,3,22.325
993,4,22.409
993,5,22.552
993,6,23.164
993,9,21.679
993,10,30.863
993,15,22.048
993,131,22.649
993,210,22.917
994,1,25.499
994,3,28.731
994,4,25.044
994,5,24.311
994,6,24.114
994,9,24.327
994,10,27.021
994,15,24.08
994,131,23.88
994,210,24.515
995,1,29.215
995,3,23.531
995,4,24.468
995,5,24.107
995,6,23.587
995,9,23.208
995,10,24.386
995,15,23.598
995,131,23.555
995,210,24.204
996,1,24.992
996,3,26.425
996,4,25.219
996,5,24.297
996,6,29.31
996,9,24.352
996,15,24.66
996,131,27.644
996,210,27.708
997,1,30.224
997,3,23.103
997,4,24.796
997,5,22.011
997,6,22.732
997,9,21.474
997,10,22.695
997,15,21.441
997,131,21.112
997,210,22.13
998,1,28.424
998,3,27.999
998,4,28.624
998,5,29.221
998,6,31.102
998,9,28.163
998,10,28.966
998,15,28.036
998,131,28.438
998,210,28.852
999,1,20.08
999,3,21.222
999,4,20.246
999,5,19.653
999,6,19.431
999,9,19.375
999,10,22.35
999,15,19.99
999,131,23.815
999,210,24.164
1000,1,21.764
1000,3,21.4
1000,4,22.177
1000,5,21.758
1000,6,23.137
1000,9,21.364
1000,10,22.41
1000,15,22.64
1000,131,21.408
1000,210,23.43
1001,1,21.981
1001,3,21.191
1001,4,21.183
1001,5,22.622
1001,6,25.913
1001,9,21.142
1001,10,21.408
1001,15,21.134
1001,131,23.003
1001,210,21.963
1002,1,24.094
1002,3,25.842
1002,4,25.155
1002,5,27.792
1002,6,26.794
1002,9,24.404
1002,10,25.241
1002,15,26.55
1002,131,23.746
1002,210,31.671
1003,1,30.078
1003,3,31.089
1003,4,30.712
1003,5,29.436
1003,6,29.118
1003,9,29.23
1003,10,28.293
1003,15,29.085
1003,131,28.744
1003,210,29.74
1004,1,29.992
1004,3,29.589
1004,4,30.323
1004,5,29.418
1004,6,29.664
1004,9,33.408
1004,10,30.283
1004,15,30.198
1004,131,29.672
1004,210,30.187
1005,1,25.306
1005,3,25.192
1005,4,23.516
1005,5,23.243
1005,6,22.764
1005,9,25.827
1005,10,23.476
1005,15,29.602
1005,131,22.696
1005,210,26.35
1006,1,24.13
1006,3,26.271
1006,4,27.0
1006,5,23.968
1006,6,24.082
1006,9,23.446
1006,10,25.128
1006,15,29.376
1006,131,23.695
1006,210,29.414
1007,1,22.174
1007,3,23.518
1007,4,22.848
1007,5,22.808
1007,6,22.151
1007,9,22.095
1007,10,24.772
1007,15,26.997
1007,131,22.634
1007,210,22.85
1008,1,26.472
1008,3,24.055
1008,4,23.854
1008,5,23.59
1008,6,22.667
1008,9,23.366
1008,10,27.31
1008,15,23.485
1008,131,22.774
1008,210,23.259
1009,1,22.022
1009,3,22.472
1009,4,21.964
1009,5,31.752
1009,6,22.63
1009,9,21.059
1009,10,22.045
1009,15,21.828
1009,131,21.391
1009,210,21.97
1010,1,21.627
1010,3,24.092
1010,4,27.308
1010,5,21.933
1010,6,22.15
1010,9,21.213
1010,51,25.236
1010,131,21.764
1010,210,26.184
1010,211,22.852
1011,1,28.891
1011,3,24.631
1011,4,25.476
1011,5,26.942
1011,6,26.302
1011,9,25.742
1011,51,25.968
1011,131,24.469
1011,210,27.671
1011,211,28.718
1012,1,35.062
1012,3,26.975
1012,4,23.806
1012,5,27.432
1012,6,23.053
1012,9,22.604
1012,51,24.736
1012,131,23.13
1012,210,23.532
1012,211,23.571
1013,1,20.551
1013,3,19.607
1013,4,21.026
1013,5,20.867
1013,6,20.073
1013,9,20.973
1013,51,21.088
1013,131,19.999
1013,210,20.628
1013,211,22.019
1014,1,21.531
1014,3,22.096
1014,4,22.425
1014,5,29.202
1014,6,22.668
1014,9,22.404
1014,51,22.695
1014,131,22.207
1014,210,22.532
1014,211,22.999
1015,1,24.41
1015,3,25.056
1015,4,24.9
1015,5,24.542
1015,6,25.384
1015,9,24.01
1015,51,30.975
1015,131,24.691
1015,210,24.819
1015,211,26.527
1016,1,24.727
1016,3,24.005
1016,4,23.978
1016,5,30.888
1016,6,23.757
1016,9,23.456
1016,51,24.631
1016,131,23.704
1016,210,24.226
1016,211,23.902
1017,1,30.248
1017,3,33.079
1017,4,30.958
1017,5,30.256
1017,6,30.238
1017,9,30.173
1017,51,30.838
1017,131,30.299
1017,210,30.834
1017,211,34.068
1018,1,21.406
1018,3,22.148
1018,4,22.145
1018,5,23.158
1018,6,23.122
1018,9,21.675
1018,51,21.69
1018,131,26.31
1018,210,21.01
1018,211,22.156
1019,1,28.058
1019,3,29.47
1019,4,28.574
1019,5,29.047
1019,6,30.849
1019,9,27.894
1019,51,28.364
1019,131,28.525
1019,210,33.165
1019,211,31.303
1020,1,21.136
1020,3,20.849
1020,4,21.024
1020,5,21.662
1020,6,20.818
1020,9,21.329
1020,51,22.902
1020,131,26.376
1020,210,21.667
1020,211,21.308
1021,1,23.949
1021,3,21.544
1021,4,22.116
1021,5,23.339
1021,6,23.197
1021,9,21.658
1021,51,22.712
1021,131,24.836
1021,210,21.826
1021,211,21.85
1022,1,41.236
1022,3,23.344
1022,4,24.698
1022,5,22.803
1022,6,22.699
1022,9,22.506
1022,51,28.496
1022,131,23.038
1022,210,22.748
1022,211,23.719
1023,1,25.66
1023,3,26.633
1023,4,24.206
1023,5,24.421
1023,6,28.126
1023,9,28.448
1023,51,27.553
1023,131,23.781
1023,210,25.245
1023,211,22.866
1024,1,30.51
1024,3,32.702
1024,4,29.824
1024,5,31.997
1024,6,29.276
1024,9,28.726
1024,51,29.341
1024,131,29.082
1024,210,33.338
1024,211,31.803
1025,1,29.696
1025,3,30.207
1025,4,33.36
1025,5,30.086
1025,6,29.603
1025,9,29.916
1025,51,32.492
1025,131,29.594
1025,210,30.509
1025,211,30.22
1026,1,24.257
1026,3,24.499
1026,4,23.712
1026,5,23.236
1026,6,24.921
1026,9,23.328
1026,51,23.599
1026,131,23.332
1026,210,23.869
1026,211,23.158
1027,1,22.21
1027,3,23.354
1027,4,22.414
1027,5,22.458
1027,6,23.217
1027,9,22.896
1027,51,29.709
1027,131,22.224
1027,210,23.606
1027,211,22.551
1028,1,25.079
1028,3,25.538
1028,4,23.893
1028,5,24.933
1028,6,26.501
1028,9,25.636
1028,51,24.666
1028,131,23.971
1028,210,24.748
1028,211,24.656
1029,1,23.169
1029,3,24.186
1029,4,25.988
1029,5,23.161
1029,6,23.046
1029,9,22.842
1029,51,23.496
1029,131,23.078
1029,210,23.654
1029,211,23.602
1030,1,22.123
1030,3,21.98
1030,4,21.702
1030,5,21.496
1030,6,22.65
1030,9,21.526
1030,51,22.192
1030,131,21.662
1030,210,21.749
1030,211,24.283
1031,1,21.57
1031,3,21.22
1031,4,20.654
1031,6,21.296
1031,9,20.052
1031,51,22.187
1031,131,19.14
1031,210,23.28
1031,211,19.464
1031,213,21.285
1032,1,23.421
1032,3,22.221
1032,4,21.603
1032,6,39.715
1032,9,21.178
1032,51,21.563
1032,131,21.553
1032,210,22.21
1032,211,22.44
1032,213,22.142
1033,1,23.831
1033,3,24.808
1033,4,22.534
1033,6,23.749
1033,9,22.004
1033,51,23.325
1033,131,22.022
1033,210,23.106
1033,211,22.597
1033,213,22.998
1034,1,31.685
1034,3,30.336
1034,4,30.164
1034,6,29.48
1034,9,29.656
1034,51,36.343
1034,131,30.993
1034,210,33.816
1034,211,28.716
1034,213,29.414
1035,1,30.365
1035,3,28.541
1035,4,28.226
1035,6,28.646
1035,9,28.594
1035,51,28.294
1035,131,28.601
1035,210,29.376
1035,211,28.462
1035,213,28.266
1036,1,22.026
1036,3,22.348
1036,4,22.102
1036,6,22.047
1036,9,21.65
1036,51,22.137
1036,131,22.458
1036,210,23.79
1036,211,22.46
1036,213,22.438
1037,1,23.046
1037,3,23.504
1037,4,23.946
1037,6,26.253
1037,9,23.026
1037,51,22.96
1037,131,24.423
1037,210,24.71
1037,211,23.432
1037,213,23.225
1038,1,773.347
1038,3,775.663
1038,4,774.412
1038,6,24.344
1038,9,776.713
1038,51,624.548
1038,131,623.97
1038,210,532.067
1038,211,1022.997
1038,213,773.508
1039,1,561.057
1039,3,556.337
1039,4,470.243
1039,6,509.005
1039,9,560.791
1039,51,456.895
1039,131,560.267
1039,210,541.003
1039,211,535.616
1039,213,559.912
1040,1,34.238
1040,3,29.784
1040,4,30.09
1040,6,29.828
1040,9,29.69
1040,51,31.542
1040,131,35.551
1040,210,30.077
1040,211,29.602
1040,213,29.614
1041,1,22.378
1041,3,23.765
1041,4,22.344
1041,6,23.163
1041,9,22.745
1041,51,25.284
1041,131,23.263
1041,210,23.255
1041,211,22.72
1041,213,24.724
1042,1,29.952
1042,3,29.865
1042,4,27.767
1042,6,26.803
1042,9,26.188
1042,51,27.767
1042,131,26.837
1042,210,27.142
1042,211,31.652
1042,213,29.119
1043,1,30.112
1043,3,29.8
1043,4,30.382
1043,6,33.558
1043,9,29.583
1043,51,29.804
1043,131,30.259
1043,210,30.776
1043,211,32.785
1043,213,30.043
1044,1,23.454
1044,3,26.729
1044,4,23.968
1044,6,24.346
1044,9,22.931
1044,51,27.683
1044,131,23.37
1044,210,59.156
1044,211,24.181
1044,213,23.458
1045,1,401.758
1045,3,403.456
1045,4,403.239
1045,6,401.928
1045,9,349.948
1045,51,403.829
1045,131,349.419
1045,210,311.751
1045,211,591.618
1045,213,481.867
1046,1,24.536
1046,3,28.719
1046,4,24.528
1046,6,26.368
1046,9,23.76
1046,51,25.393
1046,131,29.976
1046,210,26.159
1046,211,24.468
1046,213,24.497
1047,1,21.99
1047,3,21.942
1047,4,21.869
1047,6,22.109
1047,9,21.398
1047,51,21.746
1047,131,21.996
1047,210,24.772
1047,211,22.036
1047,213,23.862
1051,1,25.811
1051,3,28.979
1051,6,25.719
1051,9,25.356
1051,51,25.785
1051,117,25.941
1051,131,28.986
1051,210,26.198
1051,213,26.018
1051,214,25.754
1052,1,24.97
1052,3,24.724
1052,6,24.449
1052,9,24.181
1052,51,26.094
1052,117,25.012
1052,131,26.128
1052,210,25.57
1052,213,27.402
1052,214,24.711
1053,1,806.194
1053,3,29.983
1053,6,813.388
1053,9,819.234
1053,51,457.791
1053,117,399.462
1053,131,332.216
1053,210,406.84
1053,213,451.19
1053,214,400.595
1054,1,23.978
1054,3,23.904
1054,6,23.526
1054,9,24.069
1054,51,23.961
1054,117,23.373
1054,131,24.065
1054,210,23.952
1054,213,23.476
1054,214,23.344
1055,1,22.125
1055,3,23.247
1055,6,21.885
1055,9,22.221
1055,51,33.039
1055,117,22.062
1055,131,22.062
1055,210,22.979
1055,213,27.054
1055,214,22.773
1056,1,24.294
1056,3,23.816
1056,6,24.15
1056,9,24.147
1056,51,24.299
1056,117,23.922
1056,131,24.014
1056,210,25.0
1056,213,24.429
1056,214,23.869
1057,1,682.841
1057,3,694.656
1057,6,680.896
1057,9,513.846
1057,51,589.193
1057,117,678.401
1057,131,685.959
1057,210,376.543
1057,213,679.299
1057,214,517.527
1058,1,21.551
1058,3,32.999
1058,6,23.845
1058,9,21.791
1058,51,21.218
1058,117,21.241
1058,131,21.537
1058,210,22.58
1058,213,21.234
1058,214,21.184
1059,1,30.241
1059,3,29.934
1059,6,30.9
1059,9,29.869
1059,51,30.956
1059,117,31.032
1059,131,30.418
1059,210,31.22
1059,213,30.504
1059,214,30.748
1060,1,23.812
1060,3,21.379
1060,6,21.287
1060,9,21.354
1060,51,23.382
1060,117,21.197
1060,131,21.166
1060,210,22.327
1060,213,22.791
1060,214,22.663
1061,1,1041.006
1061,3,1051.266
1061,6,1043.199
1061,9,540.307
1061,51,1047.37
1061,117,1044.86
1061,131,1041.5
1061,210,1052.819
1061,213,845.788
1061,214,1046.022
1062,1,387.877
1062,3,504.211
1062,6,505.755
1062,9,311.212
1062,51,346.868
1062,117,505.158
1062,131,378.428
1062,210,599.421
1062,213,436.64
1062,214,504.163
1064,1,19.946
1064,3,21.604
1064,6,19.908
1064,9,18.89
1064,51,19.6
1064,117,18.911
1064,131,19.689
1064,210,26.717
1064,213,19.507
1064,214,19.129
1065,1,23.99
1065,3,24.162
1065,6,24.42
1065,9,28.181
1065,51,30.747
1065,117,25.31
1065,131,24.964
1065,210,26.341
1065,214,27.565
1066,1,31.782
1066,3,30.934
1066,6,31.472
1066,9,32.234
1066,51,31.069
1066,117,33.684
1066,131,29.857
1066,210,31.351
1066,213,30.667
1066,214,31.006
1067,1,23.133
1067,3,23.828
1067,6,26.0
1067,9,22.452
1067,51,23.157
1067,117,27.508
1067,131,22.823
1067,210,23.86
1067,213,26.319
1067,214,29.116
1069,1,24.536
1069,3,26.204
1069,6,24.524
1069,9,24.1
1069,51,23.944
1069,117,24.027
1069,131,24.055
1069,210,25.599
1069,213,23.692
1069,214,27.091
1070,1,27.825
1070,3,22.801
1070,6,22.058
1070,9,22.011
1070,51,22.314
1070,117,23.973
1070,131,25.125
1070,210,24.366
1070,213,22.549
1070,214,23.542
1071,1,20.876
1071,3,20.996
1071,6,20.543
1071,9,20.71
1071,51,20.673
1071,117,20.618
1071,131,20.472
1071,210,23.482
1071,213,22.836
1071,214,20.073
1072,1,847.835
1072,3,638.133
1072,6,843.404
1072,9,776.824
1072,51,848.401
1072,117,852.427
1072,131,701.699
1072,210,1019.226
1072,213,845.797
1072,214,708.099
1073,1,21.764
1073,3,21.241
1073,6,21.949
1073,9,21.458
1073,51,22.31
1073,117,22.057
1073,131,21.632
1073,210,22.097
1073,213,22.104
1073,214,21.49
1074,1,25.308
1074,3,24.899
1074,6,24.591
1074,9,24.734
1074,51,25.934
1074,117,26.26
1074,131,25.562
1074,210,25.641
1074,213,25.017
1074,214,25.815
1075,1,20.516
1075,3,20.683
1075,6,21.28
1075,9,20.606
1075,51,23.527
1075,117,21.882
1075,131,21.602
1075,210,22.374
1075,213,22.82
1075,214,21.342
1076,1,17.853
1076,3,18.778
1076,6,17.973
1076,9,17.858
1076,51,18.396
1076,117,19.068
1076,131,18.178
1076,210,19.075
1076,213,18.684
1076,214,18.773
1077,1,30.752
1077,3,30.959
1077,6,32.799
1077,9,29.984
1077,51,36.58
1077,117,31.576
1077,131,31.91
1077,210,32.023
1077,213,30.388
1077,214,31.409
1078,1,19.583
1078,3,19.622
1078,6,20.88
1078,9,18.583
1078,51,19.614
1078,117,19.468
1078,131,18.928
1078,210,23.307
1078,213,19.26
1078,214,20.328
1079,1,22.35
1079,3,23.01
1079,6,22.076
1079,9,21.904
1079,51,22.879
1079,117,23.006
1079,131,23.735
1079,210,25.055
1079,213,23.332
1079,214,22.803
1080,1,408.666
1080,3,360.9
1080,6,486.005
1080,9,408.42
1080,51,603.098
1080,117,354.241
1080,131,487.696
1080,210,32.246
1080,213,354.931
1080,214,604.486
1081,1,21.618
1081,3,24.645
1081,6,23.212
1081,9,21.98
1081,51,21.99
1081,117,21.154
1081,131,20.842
1081,210,23.586
1081,213,29.094
1081,214,21.604
1082,1,29.984
1082,3,25.347
1082,6,25.098
1082,9,23.96
1082,51,24.783
1082,117,24.113
1082,131,23.926
1082,210,38.262
1082,213,23.467
1082,214,24.637
1083,1,893.477
1083,3,1036.39
1083,6,1230.785
1083,9,889.279
1083,51,3055.732
1083,117,1042.186
1083,131,1035.24
1083,210,1243.648
1083,213,1230.93
1083,214,1218.875
1084,1,23.313
1084,3,21.838
1084,6,21.441
1084,9,22.116
1084,51,24.63
1084,117,21.77
1084,131,26.414
1084,210,22.323
1084,213,23.4
1084,214,22.299
1085,1,36.902
1085,3,37.273
1085,6,41.875
1085,9,36.664
1085,51,40.402
1085,117,38.258
1085,131,37.733
1085,210,36.722
1085,213,36.808
1085,214,40.636
1086,1,22.125
1086,3,25.072
1086,6,22.313
1086,9,21.216
1086,51,24.27
1086,117,22.456
1086,131,22.075
1086,210,24.303
1086,213,21.777
1086,214,22.832
1087,1,23.207
1087,3,26.231
1087,6,23.203
1087,9,22.551
1087,51,23.554
1087,117,23.24
1087,131,22.901
1087,210,24.838
1087,213,24.927
1087,214,23.399
1088,1,19.413
1088,3,18.673
1088,6,20.301
1088,9,17.994
1088,51,20.014
1088,117,18.535
1088,131,18.972
1088,210,20.673
1088,213,22.969
1088,214,18.656
1089,1,25.554
1089,3,25.224
1089,6,23.881
1089,9,23.72
1089,51,25.062
1089,117,24.254
1089,131,24.49
1089,210,26.609
1089,213,24.43
1089,214,24.336
1091,1,30.737
1091,6,31.33
1091,9,29.577
1091,51,32.167
1091,117,29.784
1091,131,32.843
1091,210,34.443
1091,213,30.58
1092,1,214.494
1092,3,216.229
1092,6,207.936
1092,9,207.386
1092,51,178.251
1092,117,176.441
1092,131,212.837
1092,210,213.272
1092,213,135.705
1092,214,172.768
1093,1,24.592
1093,3,24.613
1093,6,24.034
1093,9,26.081
1093,51,25.785
1093,117,29.294
1093,131,25.398
1093,210,26.3
1093,213,24.879
1093,214,28.276
1094,1,22.432
1094,3,23.682
1094,6,22.831
1094,9,23.69
1094,51,24.04
1094,117,23.054
1094,131,23.036
1094,210,23.7
1094,213,25.818
1094,214,22.751
1095,1,27.004
1095,3,24.629
1095,6,24.814
1095,9,26.549
1095,51,24.492
1095,117,23.877
1095,131,23.624
1095,210,24.822
1095,213,23.394
1095,214,24.887
1096,1,21.895
1096,3,22.797
1096,6,21.905
1096,9,21.821
1096,51,22.722
1096,117,22.267
1096,131,24.481
1096,210,22.731
1096,213,21.903
1096,214,21.79
1098,1,32.556
1098,3,25.125
1098,6,24.429
1098,9,24.638
1098,51,26.456
1098,117,25.189
1098,131,25.21
1098,210,27.805
1098,213,25.142
1098,214,31.074
1099,1,27.443
1099,3,21.23
1099,6,20.393
1099,9,20.77
1099,51,21.698
1099,117,24.014
1099,131,20.965
1099,210,21.218
1099,213,21.265
1099,214,20.74
1100,1,1052.111
1100,3,300.133
1100,6,922.955
1100,9,919.048
1100,51,667.953
1100,117,1215.753
1100,131,921.251
1100,210,927.422
1100,213,677.385
1100,214,727.599
1101,1,20.624
1101,3,21.059
1101,6,21.548
1101,9,20.548
1101,51,21.645
1101,117,23.154
1101,131,20.724
1101,210,27.85
1101,213,20.497
1101,214,20.59
1102,1,23.148
1102,3,35.71
1102,6,22.173
1102,9,22.286
1102,51,22.977
1102,117,22.641
1102,131,22.242
1102,210,22.868
1102,213,22.938
1102,214,22.18
1104,1,27.981
1104,3,25.875
1104,6,25.864
1104,9,26.909
1104,51,27.265
1104,117,24.995
1104,131,27.42
1104,210,35.986
1104,213,29.123
1104,214,26.098
1105,1,25.576
1105,3,23.294
1105,6,22.369
1105,9,21.978
1105,51,23.527
1105,117,22.795
1105,131,22.409
1105,210,23.209
1105,213,22.171
1105,214,23.305
1106,1,24.424
1106,3,25.064
1106,6,24.238
1106,9,23.513
1106,51,25.236
1106,117,23.877
1106,131,45.677
1106,210,24.626
1106,213,24.979
1106,214,24.933
1107,1,21.924
1107,3,21.343
1107,6,22.089
1107,9,20.15
1107,51,22.44
1107,117,20.833
1107,131,21.34
1107,210,22.632
1107,213,22.008
1107,214,22.766
1108,1,28.546
1108,3,29.24
1108,6,28.639
1108,9,28.558
1108,51,30.48
1108,117,28.62
1108,131,29.312
1108,210,35.988
1108,213,28.403
1108,214,28.458
1109,1,21.543
1109,3,22.509
1109,6,23.327
1109,9,21.457
1109,51,24.355
1109,117,22.845
1109,131,21.816
1109,210,22.446
1109,213,22.878
1110,1,24.378
1110,3,23.793
1110,6,23.225
1110,9,23.073
1110,51,23.91
1110,117,24.093
1110,131,23.276
1110,210,24.255
1110,213,22.87
1110,214,24.029
1111,1,463.671
1111,3,630.919
1111,6,368.965
1111,9,430.608
1111,51,286.999
1111,117,423.958
1111,131,425.408
1111,210,457.114
1111,213,423.404
1111,214,462.697
1112,1,26.553
1112,3,24.658
1112,6,24.557
1112,9,24.024
1112,51,25.004
1112,117,25.232
1112,131,24.235
1112,210,24.962
1112,213,24.246
1112,214,25.437
1113,1,29.427
1113,3,38.622
1113,6,31.194
1113,9,29.338
1113,51,30.385
1113,117,41.689
1113,131,31.557
1113,210,33.35
1113,213,32.348
1113,214,30.778
1114,1,23.59
1114,3,42.815
1114,6,23.143
1114,9,439.765
1114,51,39.712
1114,117,23.94
1114,131,24.169
1114,210,23.638
1114,213,23.27
1114,214,24.996
1115,1,27.942
1115,3,29.158
1115,6,27.871
1115,9,30.047
1115,51,29.16
1115,117,28.606
1115,131,31.183
1115,210,30.794
1115,213,28.225
1115,214,30.096
1116,1,23.758
1116,3,24.864
1116,6,23.768
1116,9,24.181
1116,51,25.039
1116,117,24.572
1116,131,24.472
1116,210,25.173
1116,213,24.485
1116,214,24.39
1117,1,503.031
1117,3,625.831
1117,6,617.565
1117,9,417.978
1117,51,626.336
1117,117,626.237
1117,131,618.907
1117,210,422.204
1117,213,621.93
1117,214,824.874
1118,1,392.605
1118,3,374.296
1118,6,370.999
1118,9,368.346
1118,51,488.02
1118,117,369.002
1118,131,368.958
1118,210,375.893
1118,213,392.989
1118,214,332.787
1119,1,21.902
1119,3,21.304
1119,6,22.15
1119,9,25.794
1119,51,29.215
1119,117,24.328
1119,131,22.691
1119,210,22.772
1119,213,21.252
1119,214,22.013
1120,1,22.086
1120,3,22.023
1120,6,21.49
1120,9,21.414
1120,51,22.626
1120,117,21.959
1120,131,21.994
1120,210,22.217
1120,213,21.639
1120,214,22.91
1121,1,24.803
1121,3,27.087
1121,6,24.136
1121,9,24.588
1121,15,37.874
1121,117,24.714
1121,131,24.706
1121,210,27.231
1121,214,26.341
1121,215,24.723
1122,1,21.819
1122,3,22.684
1122,6,22.938
1122,9,21.402
1122,15,30.819
1122,117,22.129
1122,131,20.592
1122,210,21.248
1122,214,22.502
1122,215,42.529
1123,1,17.884
1123,3,17.75
1123,6,17.514
1123,9,17.667
1123,15,30.451
1123,117,18.008
1123,131,17.869
1123,210,18.229
1123,214,20.984
1123,215,18.018
1124,1,542.145
1124,3,414.576
1124,6,646.688
1124,9,540.937
1124,15,544.464
1124,117,468.928
1124,131,542.632
1124,210,647.866
1124,214,544.568
1124,215,543.799
1125,1,22.365
1125,3,23.196
1125,6,22.495
1125,9,22.281
1125,15,23.793
1125,117,34.814
1125,131,22.575
1125,210,23.76
1125,214,26.58
1125,215,22.715
1126,1,24.889
1126,3,22.669
1126,6,22.315
1126,9,22.093
1126,15,23.171
1126,117,22.681
1126,131,22.454
1126,210,25.853
1126,214,22.565
1126,215,22.346
1127,1,29.863
1127,3,32.772
1127,6,30.328
1127,9,30.042
1127,15,30.242
1127,117,30.438
1127,131,29.605
1127,210,30.526
1127,214,30.465
1127,215,29.848
1128,1,2361.592
1128,3,1599.125
1128,6,2342.549
1128,9,1198.242
1128,15,1207.268
1128,117,1206.35
1128,131,1589.655
1128,214,2381.893
1128,215,2381.694
1129,1,23.715
1129,3,24.778
1129,6,29.519
1129,9,26.684
1129,15,36.116
1129,117,24.861
1129,131,25.74
1129,210,26.085
1129,214,24.605
1129,215,26.576
1130,1,22.223
1130,3,22.512
1130,6,22.082
1130,9,21.8
1130,15,23.121
1130,117,22.447
1130,131,22.792
1130,210,24.392
1130,214,22.885
1130,215,22.237
1131,1,21.195
1131,3,23.977
1131,6,23.21
1131,9,23.852
1131,15,22.175
1131,117,24.124
1131,131,22.936
1131,210,21.88
1131,214,21.749
1131,215,21.822
1132,1,29.447
1132,3,31.599
1132,6,28.98
1132,9,29.386
1132,15,30.563
1132,117,29.38
1132,131,30.337
1132,210,29.967
1132,214,28.786
1132,215,29.602
1133,1,21.644
1133,3,22.113
1133,6,21.678
1133,9,21.474
1133,15,22.076
1133,117,22.464
1133,131,21.478
1133,210,22.29
1133,214,21.502
1133,215,21.31
1134,1,23.01
1134,3,23.446
1134,6,23.11
1134,9,22.826
1134,15,23.048
1134,117,23.042
1134,131,22.859
1134,210,23.483
1134,214,23.164
1134,215,22.808
1135,1,21.252
1135,3,21.435
1135,6,20.84
1135,9,21.86
1135,15,21.406
1135,117,21.367
1135,131,21.3
1135,210,21.511
1135,214,21.83
1135,215,21.024
1136,1,24.376
1136,3,24.974
1136,6,24.432
1136,9,25.276
1136,15,25.774
1136,117,24.765
1136,131,26.904
1136,210,33.708
1136,214,24.228
1136,215,30.317
1137,1,19.946
1137,3,20.441
1137,6,21.077
1137,9,20.833
1137,15,20.282
1137,117,20.47
1137,131,20.622
1137,210,21.446
1137,214,20.446
1137,215,21.453
1138,1,29.122
1138,3,29.449
1138,6,29.214
1138,9,29.322
1138,15,29.892
1138,117,29.534
1138,131,29.005
1138,210,30.269
1138,214,30.555
1138,215,29.674
1139,1,23.919
1139,3,27.782
1139,6,23.89
1139,9,23.904
1139,15,24.587
1139,117,25.323
1139,131,29.327
1139,210,24.184
1139,214,26.186
1139,215,24.016
1140,1,21.968
1140,3,23.895
1140,6,22.6
1140,9,28.888
1140,15,22.72
1140,117,22.592
1140,131,22.5
1140,210,23.205
1140,214,23.224
1140,215,26.442
1141,1,721.612
1141,3,25.263
1141,6,723.853
1141,9,953.737
1141,15,565.221
1141,117,723.99
1141,131,723.111
1141,210,314.687
1141,214,1408.14
1141,215,723.838
1142,1,22.347
1142,3,21.468
1142,6,21.21
1142,9,21.32
1142,15,22.291
1142,117,24.816
1142,131,21.117
1142,210,21.725
1142,214,20.242
1142,215,21.017
1143,1,28.349
1143,3,32.031
1143,6,29.399
1143,9,25.857
1143,15,28.879
1143,117,32.298
1143,131,28.478
1143,210,29.629
1143,214,27.332
1143,215,30.761
1144,1,25.877
1144,3,23.503
1144,6,21.574
1144,9,32.652
1144,15,30.978
1144,117,22.77
1144,131,21.675
1144,210,22.895
1144,214,22.069
1144,215,25.042
